{"content":[{"name":"game.projectc","size":4113,"pieces":[{"name":"game.projectc0","offset":0}]},{"name":"game.arci","size":37568,"pieces":[{"name":"game.arci0","offset":0}]},{"name":"game.arcd","size":4334256,"pieces":[{"name":"game.arcd0","offset":0},{"name":"game.arcd1","offset":2097152},{"name":"game.arcd2","offset":4194304}]},{"name":"game.dmanifest","size":40690,"pieces":[{"name":"game.dmanifest0","offset":0}]},{"name":"game.public.der","size":162,"pieces":[{"name":"game.public.der0","offset":0}]}]}